user_id,method,run,recall@10,ndcg@10,mrr,arp@10,long_tail_share@10,genre_diversity@10,tokens_in,tokens_out,latency_s,parsed_ok
user_000021,random,0,0.5,0.38685280723454163,0.5,52.5,0.3,0.6,,,,
user_000021,popularity,0,0.0,0.0,0.0625,72.7,0.0,0.5,,,,
user_000021,item_knn,0,0.0,0.0,0.05263157894736842,63.9,0.1,0.5,,,,
user_000021,cbf,0,1.0,1.0,1.0,61.6,0.2,0.5,,,,
user_000021,claude_with_history,0,1.0,1.0,1.0,58.7,0.2,0.4,1099.0,43.0,3.054713487625122,True
user_000021,claude_with_history,1,1.0,1.0,1.0,58.7,0.2,0.4,1099.0,43.0,2.226134777069092,True
user_000021,claude_with_history,2,1.0,1.0,1.0,58.7,0.2,0.4,1099.0,43.0,2.041123151779175,True
user_000021,gpt41_with_history,0,1.0,0.6934264036172708,0.5,58.0,0.2,0.6,918.0,39.0,0.9780285358428955,True
user_000021,gpt41_with_history,1,1.0,0.6934264036172708,0.5,58.0,0.2,0.6,918.0,39.0,1.376697063446045,True
user_000021,gpt41_with_history,2,1.0,0.6934264036172708,0.5,58.0,0.2,0.6,918.0,39.0,0.8940060138702393,True
user_000021,claude_no_history,0,0.0,0.0,0.05263157894736842,59.3,0.2,0.5,393.0,43.0,2.200288772583008,True
user_000041,random,0,0.5,0.38685280723454163,0.5,73.4,0.1,0.6,,,,
user_000041,popularity,0,0.0,0.0,0.0625,86.2,0.0,0.2,,,,
user_000041,item_knn,0,1.0,0.5012658353418871,0.25,58.6,0.3,0.6,,,,
user_000041,cbf,0,0.0,0.0,0.05555555555555555,82.9,0.0,0.4,,,,
user_000041,claude_with_history,0,0.0,0.0,0.08333333333333333,70.2,0.2,0.3,1110.0,43.0,3.1712546348571777,True
user_000041,claude_with_history,1,0.0,0.0,0.08333333333333333,70.2,0.2,0.3,1110.0,43.0,3.0579559803009033,True
user_000041,claude_with_history,2,0.0,0.0,0.08333333333333333,70.2,0.2,0.3,1110.0,43.0,2.6753416061401367,True
user_000041,gpt41_with_history,0,0.5,0.18457569677956817,0.1111111111111111,60.3,0.3,0.5,935.0,39.0,1.679330825805664,True
user_000041,gpt41_with_history,1,0.5,0.18457569677956817,0.1111111111111111,60.3,0.3,0.5,935.0,39.0,0.6478579044342041,True
user_000041,gpt41_with_history,2,0.5,0.18457569677956817,0.1111111111111111,60.3,0.3,0.5,935.0,39.0,0.7222604751586914,True
user_000041,claude_no_history,0,0.5,0.2640681225725909,0.25,75.9,0.1,0.3,452.0,43.0,2.367656946182251,True
user_000121,random,0,0.5,0.19342640361727081,0.125,39.2,0.4,0.7,,,,
user_000121,popularity,0,0.0,0.0,0.07142857142857142,62.8,0.0,0.4,,,,
user_000121,item_knn,0,0.0,0.0,0.05263157894736842,39.9,0.3,0.4,,,,
user_000121,cbf,0,1.0,0.8175295903539445,1.0,44.7,0.2,0.6,,,,
user_000121,claude_with_history,0,0.5,0.38685280723454163,0.5,56.2,0.1,0.6,1064.0,43.0,3.2003159523010254,True
user_000121,claude_with_history,1,0.5,0.38685280723454163,0.5,56.2,0.1,0.6,1064.0,43.0,2.4830121994018555,True
user_000121,claude_with_history,2,0.5,0.38685280723454163,0.5,56.2,0.1,0.6,1064.0,43.0,2.393564462661743,True
user_000121,gpt41_with_history,0,0.5,0.6131471927654584,1.0,42.4,0.3,0.4,892.0,39.0,0.4947195053100586,True
user_000121,gpt41_with_history,1,0.5,0.6131471927654584,1.0,42.4,0.3,0.4,892.0,39.0,0.7775845527648926,True
user_000121,gpt41_with_history,2,0.5,0.6131471927654584,1.0,42.4,0.3,0.4,892.0,39.0,0.4804046154022217,True
user_000121,claude_no_history,0,0.0,0.0,0.05263157894736842,41.2,0.4,0.6,365.0,43.0,2.469538927078247,True
user_000161,random,0,0.6,0.384266559722312,0.25,54.0,0.2,1.0,,,,
user_000161,popularity,0,0.0,0.0,0.06666666666666667,76.9,0.0,0.5,,,,
user_000161,item_knn,0,0.0,0.0,0.08333333333333333,59.1,0.1,0.7,,,,
user_000161,cbf,0,0.4,0.2090905274901754,0.125,56.6,0.3,0.7,,,,
user_000161,claude_with_history,0,0.2,0.21398626473452756,0.5,58.0,0.1,0.7,1012.0,43.0,2.1086585521698,True
user_000161,claude_with_history,1,0.2,0.21398626473452756,0.5,58.0,0.1,0.7,1012.0,43.0,2.1633687019348145,True
user_000161,claude_with_history,2,0.2,0.21398626473452756,0.5,58.0,0.1,0.7,1012.0,43.0,2.013395309448242,True
user_000161,gpt41_with_history,0,0.2,0.16958010263680806,0.3333333333333333,58.0,0.1,0.7,863.0,39.0,1.292917251586914,True
user_000161,gpt41_with_history,1,0.2,0.16958010263680806,0.3333333333333333,58.0,0.1,0.7,863.0,39.0,0.6337966918945312,True
user_000161,gpt41_with_history,2,0.2,0.16958010263680806,0.3333333333333333,58.0,0.1,0.7,863.0,39.0,0.6273152828216553,True
user_000161,claude_no_history,0,0.0,0.0,0.08333333333333333,61.9,0.1,0.6,390.0,43.0,2.3005309104919434,True
user_000181,random,0,0.6,0.42870185423738655,0.3333333333333333,61.4,0.1,0.8,,,,
user_000181,popularity,0,0.6,0.44785096919189377,0.5,72.0,0.0,0.6,,,,
user_000181,item_knn,0,0.2,0.21398626473452756,0.5,49.2,0.3,0.7,,,,
user_000181,cbf,0,0.6,0.3462050307969752,0.25,49.1,0.3,0.7,,,,
user_000181,claude_with_history,0,0.6,0.36971678359107674,0.3333333333333333,55.5,0.2,0.5,1029.0,43.0,2.1978037357330322,True
user_000181,claude_with_history,1,0.6,0.36971678359107674,0.3333333333333333,55.5,0.2,0.5,1029.0,43.0,2.7011847496032715,True
user_000181,claude_with_history,2,0.6,0.36971678359107674,0.3333333333333333,55.5,0.2,0.5,1029.0,43.0,2.1754071712493896,True
user_000181,gpt41_with_history,0,0.4,0.4371994911049732,1.0,55.6,0.2,0.5,868.0,39.0,0.5618631839752197,True
user_000181,gpt41_with_history,1,0.4,0.44615333764087994,1.0,55.6,0.2,0.5,868.0,39.0,0.7409405708312988,True
user_000181,gpt41_with_history,2,0.4,0.4371994911049732,1.0,55.6,0.2,0.5,868.0,39.0,0.8810513019561768,True
user_000181,claude_no_history,0,0.2,0.1208113026994942,0.16666666666666666,43.7,0.4,0.6,388.0,43.0,2.2740368843078613,True
user_000221,random,0,0.6,0.6067795937417813,1.0,51.6,0.3,0.7,,,,
user_000221,popularity,0,0.8,0.4719120707408215,0.25,73.0,0.0,0.6,,,,
user_000221,item_knn,0,0.2,0.21398626473452756,0.5,48.5,0.2,0.6,,,,
user_000221,cbf,0,0.6,0.4028825752720615,0.3333333333333333,50.1,0.2,0.6,,,,
user_000221,claude_with_history,0,0.4,0.44615333764087994,1.0,56.1,0.2,0.4,982.0,43.0,2.9347405433654785,True
user_000221,claude_with_history,1,0.4,0.44615333764087994,1.0,56.1,0.2,0.4,982.0,43.0,3.1969473361968994,True
user_000221,claude_with_history,2,0.4,0.44615333764087994,1.0,56.1,0.2,0.4,982.0,43.0,2.8490560054779053,True
user_000221,gpt41_with_history,0,0.4,0.4371994911049732,1.0,51.1,0.2,0.5,827.0,39.0,0.8327701091766357,True
user_000221,gpt41_with_history,1,0.4,0.4371994911049732,1.0,51.1,0.2,0.5,827.0,39.0,0.8719661235809326,True
user_000221,gpt41_with_history,2,0.4,0.4371994911049732,1.0,51.1,0.2,0.5,827.0,39.0,0.7558751106262207,True
user_000221,claude_no_history,0,0.2,0.10209739512291163,0.1111111111111111,58.0,0.2,0.7,384.0,43.0,2.7006092071533203,True
user_000281,random,0,0.3333333333333333,0.20210734650054757,0.25,52.5,0.2,0.9,,,,
user_000281,popularity,0,0.0,0.0,0.07692307692307693,70.5,0.0,0.7,,,,
user_000281,item_knn,0,0.0,0.0,0.05555555555555555,54.7,0.2,0.7,,,,
user_000281,cbf,0,0.3333333333333333,0.46927872602275644,1.0,48.3,0.2,0.6,,,,
user_000281,claude_with_history,0,0.3333333333333333,0.18154179253735267,0.2,47.4,0.3,0.8,1031.0,43.0,2.26008939743042,True
user_000281,claude_with_history,1,0.3333333333333333,0.18154179253735267,0.2,54.0,0.2,0.8,1031.0,43.0,2.0551443099975586,True
user_000281,claude_with_history,2,0.3333333333333333,0.18154179253735267,0.2,47.4,0.3,0.8,1031.0,43.0,2.0893709659576416,True
user_000281,gpt41_with_history,0,0.3333333333333333,0.16716045496620227,0.16666666666666666,44.0,0.3,0.6,894.0,39.0,0.8735506534576416,True
user_000281,gpt41_with_history,1,0.3333333333333333,0.16716045496620227,0.16666666666666666,44.0,0.3,0.6,894.0,39.0,0.6080522537231445,True
user_000281,gpt41_with_history,2,0.3333333333333333,0.18154179253735267,0.2,44.0,0.3,0.6,894.0,39.0,0.5454776287078857,True
user_000281,claude_no_history,0,0.0,0.0,0.05555555555555555,57.0,0.2,0.6,398.0,43.0,2.3673417568206787,True
user_000303,random,0,0.4,0.29039140533630226,0.3333333333333333,64.9,0.1,0.5,,,,
user_000303,popularity,0,0.4,0.26687965254220064,0.25,76.0,0.0,0.3,,,,
user_000303,item_knn,0,0.2,0.14606834984270645,0.25,68.6,0.1,0.4,,,,
user_000303,cbf,0,0.4,0.21515079688078367,0.14285714285714285,57.6,0.2,0.4,,,,
user_000303,claude_with_history,0,0.2,0.1208113026994942,0.16666666666666666,53.4,0.3,0.5,1044.0,43.0,2.3036515712738037,True
user_000303,claude_with_history,1,0.2,0.1208113026994942,0.16666666666666666,53.4,0.3,0.5,1044.0,43.0,2.296308755874634,True
user_000303,claude_with_history,2,0.0,0.0,0.08333333333333333,59.6,0.2,0.4,1044.0,43.0,2.893462657928467,True
user_000303,gpt41_with_history,0,0.2,0.11305340175787204,0.14285714285714285,51.7,0.3,0.7,865.0,39.0,0.6587071418762207,True
user_000303,gpt41_with_history,1,0.2,0.11305340175787204,0.14285714285714285,51.7,0.3,0.7,865.0,39.0,0.5948076248168945,True
user_000303,gpt41_with_history,2,0.8,0.42018321507940454,0.14285714285714285,36.0,0.5,0.7,865.0,39.0,0.6436135768890381,True
user_000303,claude_no_history,0,0.0,0.0,0.07692307692307693,59.9,0.2,0.5,380.0,43.0,2.730957508087158,True
user_000343,random,0,0.8,0.5098757076393253,0.3333333333333333,57.1,0.1,0.8,,,,
user_000343,popularity,0,0.6,0.38843069116765927,0.3333333333333333,66.8,0.0,0.9,,,,
user_000343,item_knn,0,0.4,0.32097939710179135,0.5,52.0,0.2,0.9,,,,
user_000343,cbf,0,0.4,0.4371994911049732,1.0,33.0,0.5,0.7,,,,
user_000343,claude_with_history,0,0.2,0.10209739512291163,0.1111111111111111,25.1,0.6,0.6,1085.0,43.0,2.7948169708251953,True
user_000343,claude_with_history,1,0.2,0.10209739512291163,0.1111111111111111,25.1,0.6,0.6,1085.0,43.0,2.7674720287323,True
user_000343,claude_with_history,2,0.2,0.10209739512291163,0.1111111111111111,25.1,0.6,0.6,1085.0,43.0,2.4639477729797363,True
user_000343,gpt41_with_history,0,0.6,0.3753127131864053,0.25,26.0,0.6,0.7,925.0,39.0,1.0604221820831299,True
user_000343,gpt41_with_history,1,0.6,0.3753127131864053,0.25,26.0,0.6,0.7,925.0,39.0,0.622140645980835,True
user_000343,gpt41_with_history,2,0.6,0.3753127131864053,0.25,26.0,0.6,0.7,925.0,39.0,0.7055118083953857,True
user_000343,claude_no_history,0,0.2,0.10209739512291163,0.1111111111111111,32.4,0.5,0.7,371.0,43.0,2.888383626937866,True
user_000363,random,0,0.5,0.20438239758848611,0.14285714285714285,52.4,0.2,0.8,,,,
user_000363,popularity,0,0.0,0.0,0.05555555555555555,69.4,0.0,0.5,,,,
user_000363,item_knn,0,0.0,0.0,0.05263157894736842,52.6,0.1,0.5,,,,
user_000363,cbf,0,1.0,0.36181498356361597,0.1111111111111111,48.9,0.2,0.4,,,,
user_000363,claude_with_history,0,0.0,0.0,0.05555555555555555,56.1,0.1,0.4,1012.0,43.0,2.3570539951324463,True
user_000363,claude_with_history,1,0.0,0.0,0.05555555555555555,56.1,0.1,0.4,1012.0,43.0,3.0229740142822266,True
user_000363,claude_with_history,2,0.0,0.0,0.05555555555555555,56.1,0.1,0.4,1012.0,43.0,3.119736433029175,True
user_000363,gpt41_with_history,0,0.0,0.0,0.0625,54.1,0.1,0.4,853.0,39.0,0.7275850772857666,True
user_000363,gpt41_with_history,1,0.0,0.0,0.0625,54.1,0.1,0.4,853.0,39.0,0.7051005363464355,True
user_000363,gpt41_with_history,2,0.0,0.0,0.0625,54.1,0.1,0.4,853.0,39.0,1.6983768939971924,True
user_000363,claude_no_history,0,0.5,0.21840743681816419,0.16666666666666666,58.9,0.2,0.6,383.0,43.0,2.2984461784362793,True
user_000384,random,0,0.5,0.2303612461053624,0.1111111111111111,75.0,0.1,0.4,,,,
user_000384,popularity,0,0.0,0.0,0.058823529411764705,87.2,0.0,0.3,,,,
user_000384,item_knn,0,1.0,1.0,1.0,66.8,0.1,0.5,,,,
user_000384,cbf,0,0.0,0.0,0.06666666666666667,85.9,0.0,0.3,,,,
user_000384,claude_with_history,0,0.0,0.0,0.08333333333333333,86.1,0.0,0.2,1115.0,43.0,2.3916518688201904,True
user_000384,claude_with_history,1,0.0,0.0,0.08333333333333333,86.1,0.0,0.2,1115.0,43.0,2.702453374862671,True
user_000384,claude_with_history,2,0.0,0.0,0.08333333333333333,86.4,0.0,0.2,1115.0,43.0,2.4974546432495117,True
user_000384,gpt41_with_history,0,0.0,0.0,0.09090909090909091,84.7,0.0,0.3,950.0,41.0,1.0784714221954346,True
user_000384,gpt41_with_history,1,0.0,0.0,0.09090909090909091,84.7,0.0,0.3,950.0,41.0,1.2004799842834473,True
user_000384,gpt41_with_history,2,0.75,0.3535124404757274,0.125,70.8,0.1,0.5,950.0,43.0,0.5688762664794922,True
user_000384,claude_no_history,0,0.0,0.0,0.058823529411764705,84.8,0.0,0.3,400.0,43.0,2.20528507232666,True
user_000404,random,0,0.6,0.39738453770356597,0.3333333333333333,52.5,0.2,0.5,,,,
user_000404,popularity,0,0.0,0.0,0.07142857142857142,66.7,0.0,0.6,,,,
user_000404,item_knn,0,0.2,0.14606834984270645,0.25,54.5,0.1,0.6,,,,
user_000404,cbf,0,0.6,0.3511007680413272,0.25,54.5,0.2,0.5,,,,
user_000404,claude_with_history,0,0.4,0.3156484524795145,0.3333333333333333,48.8,0.1,0.4,1103.0,43.0,2.448763608932495,True
user_000404,claude_with_history,1,0.4,0.3156484524795145,0.3333333333333333,48.8,0.1,0.4,1103.0,43.0,1.9809134006500244,True
user_000404,claude_with_history,2,0.4,0.3156484524795145,0.3333333333333333,48.8,0.1,0.4,1103.0,43.0,2.540278911590576,True
user_000404,gpt41_with_history,0,0.4,0.27727342735504823,0.25,49.2,0.1,0.4,929.0,39.0,1.0063788890838623,True
user_000404,gpt41_with_history,1,0.4,0.27727342735504823,0.25,49.2,0.1,0.4,929.0,39.0,0.6012935638427734,True
user_000404,gpt41_with_history,2,0.4,0.27727342735504823,0.25,49.2,0.1,0.4,929.0,39.0,0.60274338722229,True
user_000404,claude_no_history,0,0.0,0.0,0.08333333333333333,61.2,0.1,0.5,380.0,43.0,2.988011121749878,True
user_000445,random,0,0.5,0.17723928678404774,0.1,70.2,0.1,0.6,,,,
user_000445,popularity,0,0.5,0.38685280723454163,0.5,81.1,0.0,0.2,,,,
user_000445,item_knn,0,1.0,1.0,1.0,61.8,0.1,0.7,,,,
user_000445,cbf,0,1.0,0.41183384043543503,0.16666666666666666,76.3,0.0,0.1,,,,
user_000445,claude_with_history,0,1.0,0.9197207891481876,1.0,71.7,0.0,0.3,1110.0,43.0,2.7332394123077393,True
user_000445,claude_with_history,1,1.0,0.9197207891481876,1.0,71.7,0.0,0.3,1110.0,43.0,2.224900007247925,True
user_000445,claude_with_history,2,1.0,0.9197207891481876,1.0,71.7,0.0,0.3,1110.0,43.0,2.255795955657959,True
user_000445,gpt41_with_history,0,1.0,1.0,1.0,72.4,0.0,0.2,918.0,39.0,0.6151692867279053,True
user_000445,gpt41_with_history,1,1.0,1.0,1.0,72.0,0.0,0.3,918.0,39.0,0.629859209060669,True
user_000445,gpt41_with_history,2,1.0,1.0,1.0,72.0,0.0,0.3,918.0,39.0,0.5573670864105225,True
user_000445,claude_no_history,0,0.5,0.21840743681816419,0.16666666666666666,70.8,0.1,0.5,407.0,43.0,2.3012187480926514,True
user_000507,random,0,0.0,0.0,0.08333333333333333,62.6,0.1,0.8,,,,
user_000507,popularity,0,0.0,0.0,0.08333333333333333,76.3,0.0,0.4,,,,
user_000507,item_knn,0,0.5,0.38685280723454163,0.5,61.1,0.1,0.5,,,,
user_000507,cbf,0,0.5,0.38685280723454163,0.5,62.7,0.1,0.6,,,,
user_000507,claude_with_history,0,0.5,0.6131471927654584,1.0,71.5,0.0,0.5,1077.0,43.0,2.1221518516540527,True
user_000507,claude_with_history,1,0.5,0.6131471927654584,1.0,71.5,0.0,0.5,1077.0,43.0,5.375397205352783,True
user_000507,claude_with_history,2,0.5,0.6131471927654584,1.0,71.5,0.0,0.5,1077.0,43.0,2.476358652114868,True
user_000507,gpt41_with_history,0,0.5,0.6131471927654584,1.0,68.1,0.0,0.4,916.0,39.0,0.6106858253479004,True
user_000507,gpt41_with_history,1,0.5,0.6131471927654584,1.0,68.1,0.0,0.4,916.0,39.0,0.5329818725585938,True
user_000507,gpt41_with_history,2,0.5,0.6131471927654584,1.0,68.1,0.0,0.4,916.0,39.0,0.6958720684051514,True
user_000507,claude_no_history,0,0.0,0.0,0.08333333333333333,59.5,0.2,0.7,402.0,43.0,2.657621383666992,True
user_000587,random,0,0.4,0.227804435066758,0.16666666666666666,50.2,0.3,0.9,,,,
user_000587,popularity,0,0.4,0.22004653412513583,0.14285714285714285,72.0,0.0,0.7,,,,
user_000587,item_knn,0,0.0,0.0,0.0625,49.1,0.3,0.5,,,,
user_000587,cbf,0,0.4,0.2442584792702138,0.2,45.5,0.3,0.7,,,,
user_000587,claude_with_history,0,0.2,0.1208113026994942,0.16666666666666666,50.8,0.3,0.4,1093.0,43.0,2.464672327041626,True
user_000587,claude_with_history,1,0.2,0.1208113026994942,0.16666666666666666,50.8,0.3,0.4,1093.0,43.0,2.1657159328460693,True
user_000587,claude_with_history,2,0.2,0.1208113026994942,0.16666666666666666,50.8,0.3,0.4,1093.0,43.0,2.581805944442749,True
user_000587,gpt41_with_history,0,0.4,0.5531464700081437,1.0,51.3,0.3,0.4,907.0,39.0,1.071542739868164,True
user_000587,gpt41_with_history,1,0.4,0.5531464700081437,1.0,51.3,0.3,0.4,907.0,39.0,0.8095383644104004,True
user_000587,gpt41_with_history,2,0.4,0.5531464700081437,1.0,51.3,0.3,0.4,907.0,39.0,0.5730490684509277,True
user_000587,claude_no_history,0,0.2,0.10699313236726378,0.125,53.0,0.3,0.5,387.0,43.0,2.7106428146362305,True
user_000627,random,0,0.25,0.13905617951077562,0.16666666666666666,65.7,0.0,0.7,,,,
user_000627,popularity,0,0.25,0.15101961822780524,0.2,73.8,0.0,0.5,,,,
user_000627,item_knn,0,0.25,0.24630238874073,0.5,72.5,0.0,0.5,,,,
user_000627,cbf,0,0.5,0.2303612461053624,0.1111111111111111,67.0,0.0,0.6,,,,
user_000627,claude_with_history,0,1.0,0.7397466333385988,0.5,58.0,0.0,0.7,1020.0,43.0,2.640613317489624,True
user_000627,claude_with_history,1,1.0,0.7397466333385988,0.5,58.0,0.0,0.7,1020.0,43.0,3.4807546138763428,True
user_000627,claude_with_history,2,1.0,0.7397466333385988,0.5,58.0,0.0,0.7,1020.0,43.0,1.8505339622497559,True
user_000627,gpt41_with_history,0,0.75,0.3535124404757274,0.125,55.3,0.0,0.7,866.0,43.0,0.7090773582458496,True
user_000627,gpt41_with_history,1,0.75,0.3535124404757274,0.125,58.9,0.0,0.8,866.0,39.0,0.6287450790405273,True
user_000627,gpt41_with_history,2,0.75,0.3535124404757274,0.125,57.8,0.0,0.8,866.0,39.0,0.5529439449310303,True
user_000627,claude_no_history,0,0.25,0.123151194370365,0.125,71.2,0.0,0.4,386.0,43.0,2.167431116104126,True
user_000668,random,0,0.8,0.7682972668889274,1.0,63.3,0.1,0.7,,,,
user_000668,popularity,0,0.6,0.639945385422766,1.0,75.9,0.0,0.5,,,,
user_000668,item_knn,0,0.4,0.36005461457723403,0.5,58.2,0.2,0.3,,,,
user_000668,cbf,0,0.6,0.5296347172140421,0.5,71.7,0.0,0.4,,,,
user_000668,claude_with_history,0,0.6,0.36506978196970796,0.2,65.4,0.1,0.7,1110.0,43.0,2.599252700805664,True
user_000668,claude_with_history,1,0.6,0.36506978196970796,0.2,65.4,0.1,0.7,1110.0,43.0,2.0552871227264404,True
user_000668,claude_with_history,2,0.6,0.36506978196970796,0.2,65.4,0.1,0.7,1110.0,43.0,2.4813292026519775,True
user_000668,gpt41_with_history,0,0.0,0.0,0.09090909090909091,45.1,0.3,0.3,951.0,39.0,0.6739583015441895,True
user_000668,gpt41_with_history,1,0.0,0.0,0.09090909090909091,45.1,0.3,0.3,951.0,39.0,0.6396081447601318,True
user_000668,gpt41_with_history,2,0.0,0.0,0.09090909090909091,45.1,0.3,0.3,951.0,39.0,0.657071590423584,True
user_000668,claude_no_history,0,0.2,0.16958010263680806,0.3333333333333333,60.1,0.2,0.6,391.0,43.0,2.2407946586608887,True
user_000688,random,0,0.4,0.22924436334369883,0.2,69.6,0.1,0.4,,,,
user_000688,popularity,0,0.2,0.10699313236726378,0.125,77.8,0.0,0.4,,,,
user_000688,item_knn,0,0.4,0.5087403079104241,1.0,70.3,0.0,0.5,,,,
user_000688,cbf,0,0.0,0.0,0.09090909090909091,71.3,0.0,0.1,,,,
user_000688,claude_with_history,0,0.0,0.0,0.06666666666666667,71.3,0.0,0.1,691.0,43.0,2.862028121948242,True
user_000688,claude_with_history,1,0.0,0.0,0.06666666666666667,71.3,0.0,0.1,691.0,43.0,3.4795656204223633,True
user_000688,claude_with_history,2,0.0,0.0,0.06666666666666667,71.3,0.0,0.1,691.0,43.0,2.4658775329589844,True
user_000688,gpt41_with_history,0,0.0,0.0,0.07692307692307693,71.3,0.0,0.1,582.0,39.0,0.8396387100219727,True
user_000688,gpt41_with_history,1,0.0,0.0,0.07692307692307693,71.3,0.0,0.1,582.0,39.0,0.7101471424102783,True
user_000688,gpt41_with_history,2,0.0,0.0,0.07692307692307693,71.3,0.0,0.1,582.0,39.0,0.6792449951171875,True
user_000688,claude_no_history,0,0.2,0.21398626473452756,0.5,74.6,0.0,0.4,412.0,43.0,2.339639663696289,True
user_000708,random,0,0.6,0.3661148839678423,0.25,35.8,0.6,0.9,,,,
user_000708,popularity,0,0.2,0.09803928583135704,0.1,71.3,0.0,0.6,,,,
user_000708,item_knn,0,0.4,0.5531464700081437,1.0,55.7,0.2,0.5,,,,
user_000708,cbf,0,0.6,0.3551588773328819,0.25,47.0,0.3,0.7,,,,
user_000708,claude_with_history,0,0.4,0.5531464700081437,1.0,55.2,0.2,0.5,1074.0,43.0,2.32877779006958,True
user_000708,claude_with_history,1,0.4,0.5531464700081437,1.0,55.2,0.2,0.5,1074.0,43.0,2.312218189239502,True
user_000708,claude_with_history,2,0.4,0.5531464700081437,1.0,55.2,0.2,0.5,1074.0,43.0,2.720874547958374,True
user_000708,gpt41_with_history,0,0.4,0.5531464700081437,1.0,53.0,0.2,0.5,897.0,39.0,0.6010749340057373,True
user_000708,gpt41_with_history,1,0.4,0.5531464700081437,1.0,53.0,0.2,0.5,897.0,39.0,0.6145985126495361,True
user_000708,gpt41_with_history,2,0.4,0.5531464700081437,1.0,53.0,0.2,0.5,897.0,39.0,0.6789815425872803,True
user_000708,claude_no_history,0,0.0,0.0,0.08333333333333333,58.9,0.2,0.6,409.0,43.0,2.200045585632324,True
user_000868,random,0,0.6666666666666666,0.43734888382569426,0.5,44.5,0.4,0.7,,,,
user_000868,popularity,0,0.0,0.0,0.0625,70.4,0.0,0.6,,,,
user_000868,item_knn,0,0.3333333333333333,0.23463936301137822,0.3333333333333333,56.0,0.2,0.7,,,,
user_000868,cbf,0,0.6666666666666666,0.43734888382569426,0.5,50.3,0.3,0.7,,,,
user_000868,claude_with_history,0,0.6666666666666666,0.7653606369886217,1.0,51.6,0.3,0.6,682.0,43.0,2.218754529953003,True
user_000868,claude_with_history,1,0.6666666666666666,0.7653606369886217,1.0,51.6,0.3,0.6,682.0,43.0,2.179074287414551,True
user_000868,claude_with_history,2,0.6666666666666666,0.7653606369886217,1.0,51.6,0.3,0.6,682.0,43.0,2.8620388507843018,True
user_000868,gpt41_with_history,0,0.6666666666666666,0.7653606369886217,1.0,51.6,0.3,0.7,590.0,39.0,0.7669351100921631,True
user_000868,gpt41_with_history,1,0.6666666666666666,0.7653606369886217,1.0,51.6,0.3,0.7,590.0,39.0,1.0534052848815918,True
user_000868,gpt41_with_history,2,0.6666666666666666,0.7653606369886217,1.0,51.6,0.3,0.7,590.0,39.0,0.9399783611297607,True
user_000868,claude_no_history,0,0.0,0.0,0.05555555555555555,53.4,0.2,0.6,384.0,43.0,2.386465311050415,True
user_000908,random,0,0.2,0.11305340175787204,0.14285714285714285,55.5,0.2,0.5,,,,
user_000908,popularity,0,0.6,0.3299018301896696,0.16666666666666666,71.3,0.0,0.4,,,,
user_000908,item_knn,0,0.0,0.0,0.0625,45.7,0.3,0.6,,,,
user_000908,cbf,0,0.4,0.22290869782240583,0.16666666666666666,59.7,0.1,0.6,,,,
user_000908,claude_with_history,0,0.0,0.0,0.09090909090909091,40.4,0.4,0.4,713.0,43.0,2.3603219985961914,True
user_000908,claude_with_history,1,0.0,0.0,0.09090909090909091,40.4,0.4,0.4,713.0,43.0,2.221468448638916,True
user_000908,claude_with_history,2,0.0,0.0,0.08333333333333333,40.4,0.4,0.4,713.0,43.0,2.7447054386138916,True
user_000908,gpt41_with_history,0,0.0,0.0,0.07142857142857142,42.5,0.4,0.3,608.0,39.0,0.5847103595733643,True
user_000908,gpt41_with_history,1,0.0,0.0,0.07142857142857142,42.5,0.4,0.3,608.0,39.0,0.5794546604156494,True
user_000908,gpt41_with_history,2,0.0,0.0,0.07142857142857142,42.5,0.4,0.3,608.0,39.0,0.6148507595062256,True
user_000908,claude_no_history,0,0.0,0.0,0.09090909090909091,53.2,0.3,0.4,385.0,43.0,2.5498299598693848,True
user_000928,random,0,0.5,0.20438239758848611,0.14285714285714285,44.5,0.3,0.5,,,,
user_000928,popularity,0,0.5,0.17723928678404774,0.1,74.0,0.0,0.6,,,,
user_000928,item_knn,0,0.5,0.23719771276929622,0.2,54.1,0.2,0.8,,,,
user_000928,cbf,0,0.0,0.0,0.08333333333333333,63.6,0.1,0.4,,,,
user_000928,claude_with_history,0,0.5,0.17723928678404774,0.1,64.1,0.1,0.4,608.0,43.0,1.9750733375549316,True
user_000928,claude_with_history,1,0.5,0.17723928678404774,0.1,64.1,0.1,0.4,608.0,43.0,2.056607961654663,True
user_000928,claude_with_history,2,0.5,0.17723928678404774,0.1,64.1,0.1,0.4,608.0,43.0,2.4241690635681152,True
user_000928,gpt41_with_history,0,0.5,0.18457569677956817,0.1111111111111111,59.4,0.1,0.5,533.0,39.0,1.0435717105865479,True
user_000928,gpt41_with_history,1,0.5,0.18457569677956817,0.1111111111111111,59.4,0.1,0.5,533.0,39.0,0.6264050006866455,True
user_000928,gpt41_with_history,2,0.5,0.17723928678404774,0.1,64.4,0.1,0.4,533.0,39.0,1.4058287143707275,True
user_000928,claude_no_history,0,0.0,0.0,0.058823529411764705,60.7,0.2,0.6,383.0,43.0,2.210585832595825,True
user_000968,random,0,0.2,0.09803928583135704,0.1,49.8,0.3,0.6,,,,
user_000968,popularity,0,0.6,0.3462050307969752,0.25,73.1,0.0,0.6,,,,
user_000968,item_knn,0,0.6,0.4468535299918563,0.3333333333333333,47.4,0.4,0.6,,,,
user_000968,cbf,0,0.8,0.5652378763720052,0.5,58.5,0.2,0.8,,,,
user_000968,claude_with_history,0,0.8,0.6128107307150344,0.5,56.1,0.3,0.6,651.0,43.0,2.9528493881225586,True
user_000968,claude_with_history,1,0.8,0.6128107307150344,0.5,56.1,0.3,0.6,651.0,43.0,2.2895684242248535,True
user_000968,claude_with_history,2,0.8,0.6128107307150344,0.5,56.1,0.3,0.6,651.0,43.0,2.325556993484497,True
user_000968,gpt41_with_history,0,0.6,0.5296347172140421,0.5,57.3,0.2,0.6,555.0,39.0,0.7539031505584717,True
user_000968,gpt41_with_history,1,0.6,0.5296347172140421,0.5,57.3,0.2,0.6,555.0,39.0,0.767754316329956,True
user_000968,gpt41_with_history,2,0.6,0.5296347172140421,0.5,57.3,0.2,0.6,555.0,39.0,0.7688915729522705,True
user_000968,claude_no_history,0,0.2,0.09803928583135704,0.1,46.7,0.4,0.5,381.0,43.0,2.1950957775115967,True
user_000989,random,0,0.5,0.17723928678404774,0.1,81.5,0.0,0.4,,,,
user_000989,popularity,0,0.0,0.0,0.058823529411764705,86.6,0.0,0.2,,,,
user_000989,item_knn,0,1.0,0.8175295903539445,1.0,71.7,0.0,0.6,,,,
user_000989,cbf,0,0.0,0.0,0.05555555555555555,85.7,0.0,0.2,,,,
user_000989,claude_with_history,0,1.0,1.0,1.0,78.7,0.0,0.4,1075.0,43.0,2.4105887413024902,True
user_000989,claude_with_history,1,1.0,1.0,1.0,78.7,0.0,0.4,1075.0,43.0,2.4951772689819336,True
user_000989,claude_with_history,2,1.0,1.0,1.0,78.7,0.0,0.4,1075.0,43.0,2.161369800567627,True
user_000989,gpt41_with_history,0,1.0,1.0,1.0,78.9,0.0,0.4,893.0,41.0,0.6171939373016357,True
user_000989,gpt41_with_history,1,1.0,1.0,1.0,78.9,0.0,0.4,893.0,41.0,0.7295308113098145,True
user_000989,gpt41_with_history,2,1.0,1.0,1.0,79.1,0.0,0.4,893.0,39.0,0.9065017700195312,True
user_000989,claude_no_history,0,0.5,0.21840743681816419,0.16666666666666666,80.6,0.0,0.4,395.0,43.0,2.132737398147583,True
